--
-- PostgreSQL database dump
--

\restrict kOgVqnYTVjMugR6aIvgyFOj0nqeDb9vG1gythYNEs0hlf2ltEzqZgiRa8ynapdb

-- Dumped from database version 18.1 (Debian 18.1-1.pgdg12+2)
-- Dumped by pg_dump version 18.1

SET statement_timeout = 0;
SET lock_timeout = 0;
SET idle_in_transaction_session_timeout = 0;
SET transaction_timeout = 0;
SET client_encoding = 'UTF8';
SET standard_conforming_strings = on;
SELECT pg_catalog.set_config('search_path', '', false);
SET check_function_bodies = false;
SET xmloption = content;
SET client_min_messages = warning;
SET row_security = off;

--
-- Name: public; Type: SCHEMA; Schema: -; Owner: -
--

-- *not* creating schema, since initdb creates it


SET default_tablespace = '';

SET default_table_access_method = heap;

--
-- Name: auth_group; Type: TABLE; Schema: public; Owner: -
--

CREATE TABLE public.auth_group (
    id integer NOT NULL,
    name character varying(150) NOT NULL
);


--
-- Name: auth_group_id_seq; Type: SEQUENCE; Schema: public; Owner: -
--

ALTER TABLE public.auth_group ALTER COLUMN id ADD GENERATED BY DEFAULT AS IDENTITY (
    SEQUENCE NAME public.auth_group_id_seq
    START WITH 1
    INCREMENT BY 1
    NO MINVALUE
    NO MAXVALUE
    CACHE 1
);


--
-- Name: auth_group_permissions; Type: TABLE; Schema: public; Owner: -
--

CREATE TABLE public.auth_group_permissions (
    id bigint NOT NULL,
    group_id integer NOT NULL,
    permission_id integer NOT NULL
);


--
-- Name: auth_group_permissions_id_seq; Type: SEQUENCE; Schema: public; Owner: -
--

ALTER TABLE public.auth_group_permissions ALTER COLUMN id ADD GENERATED BY DEFAULT AS IDENTITY (
    SEQUENCE NAME public.auth_group_permissions_id_seq
    START WITH 1
    INCREMENT BY 1
    NO MINVALUE
    NO MAXVALUE
    CACHE 1
);


--
-- Name: auth_permission; Type: TABLE; Schema: public; Owner: -
--

CREATE TABLE public.auth_permission (
    id integer NOT NULL,
    name character varying(255) NOT NULL,
    content_type_id integer NOT NULL,
    codename character varying(100) NOT NULL
);


--
-- Name: auth_permission_id_seq; Type: SEQUENCE; Schema: public; Owner: -
--

ALTER TABLE public.auth_permission ALTER COLUMN id ADD GENERATED BY DEFAULT AS IDENTITY (
    SEQUENCE NAME public.auth_permission_id_seq
    START WITH 1
    INCREMENT BY 1
    NO MINVALUE
    NO MAXVALUE
    CACHE 1
);


--
-- Name: auth_user; Type: TABLE; Schema: public; Owner: -
--

CREATE TABLE public.auth_user (
    id integer NOT NULL,
    password character varying(128) NOT NULL,
    last_login timestamp with time zone,
    is_superuser boolean NOT NULL,
    username character varying(150) NOT NULL,
    first_name character varying(150) NOT NULL,
    last_name character varying(150) NOT NULL,
    email character varying(254) NOT NULL,
    is_staff boolean NOT NULL,
    is_active boolean NOT NULL,
    date_joined timestamp with time zone NOT NULL
);


--
-- Name: auth_user_groups; Type: TABLE; Schema: public; Owner: -
--

CREATE TABLE public.auth_user_groups (
    id bigint NOT NULL,
    user_id integer NOT NULL,
    group_id integer NOT NULL
);


--
-- Name: auth_user_groups_id_seq; Type: SEQUENCE; Schema: public; Owner: -
--

ALTER TABLE public.auth_user_groups ALTER COLUMN id ADD GENERATED BY DEFAULT AS IDENTITY (
    SEQUENCE NAME public.auth_user_groups_id_seq
    START WITH 1
    INCREMENT BY 1
    NO MINVALUE
    NO MAXVALUE
    CACHE 1
);


--
-- Name: auth_user_id_seq; Type: SEQUENCE; Schema: public; Owner: -
--

ALTER TABLE public.auth_user ALTER COLUMN id ADD GENERATED BY DEFAULT AS IDENTITY (
    SEQUENCE NAME public.auth_user_id_seq
    START WITH 1
    INCREMENT BY 1
    NO MINVALUE
    NO MAXVALUE
    CACHE 1
);


--
-- Name: auth_user_user_permissions; Type: TABLE; Schema: public; Owner: -
--

CREATE TABLE public.auth_user_user_permissions (
    id bigint NOT NULL,
    user_id integer NOT NULL,
    permission_id integer NOT NULL
);


--
-- Name: auth_user_user_permissions_id_seq; Type: SEQUENCE; Schema: public; Owner: -
--

ALTER TABLE public.auth_user_user_permissions ALTER COLUMN id ADD GENERATED BY DEFAULT AS IDENTITY (
    SEQUENCE NAME public.auth_user_user_permissions_id_seq
    START WITH 1
    INCREMENT BY 1
    NO MINVALUE
    NO MAXVALUE
    CACHE 1
);


--
-- Name: content_homebanner; Type: TABLE; Schema: public; Owner: -
--

CREATE TABLE public.content_homebanner (
    id bigint NOT NULL,
    title character varying(200) NOT NULL,
    description text CONSTRAINT content_homebanner_subtitle_not_null NOT NULL,
    button_text character varying(50) NOT NULL,
    button_link character varying(255) NOT NULL,
    "order" integer NOT NULL,
    is_active boolean NOT NULL,
    created_at timestamp with time zone NOT NULL,
    updated_at timestamp with time zone NOT NULL,
    CONSTRAINT content_homebanner_order_check CHECK (("order" >= 0))
);


--
-- Name: content_homebanner_id_seq; Type: SEQUENCE; Schema: public; Owner: -
--

ALTER TABLE public.content_homebanner ALTER COLUMN id ADD GENERATED BY DEFAULT AS IDENTITY (
    SEQUENCE NAME public.content_homebanner_id_seq
    START WITH 1
    INCREMENT BY 1
    NO MINVALUE
    NO MAXVALUE
    CACHE 1
);


--
-- Name: content_homebannerimage; Type: TABLE; Schema: public; Owner: -
--

CREATE TABLE public.content_homebannerimage (
    id bigint NOT NULL,
    "order" integer NOT NULL,
    is_active boolean NOT NULL,
    created_at timestamp with time zone NOT NULL,
    image character varying(500) NOT NULL,
    banner_id bigint NOT NULL
);


--
-- Name: content_homebannerimage_id_seq; Type: SEQUENCE; Schema: public; Owner: -
--

ALTER TABLE public.content_homebannerimage ALTER COLUMN id ADD GENERATED BY DEFAULT AS IDENTITY (
    SEQUENCE NAME public.content_homebannerimage_id_seq
    START WITH 1
    INCREMENT BY 1
    NO MINVALUE
    NO MAXVALUE
    CACHE 1
);


--
-- Name: content_homefeature; Type: TABLE; Schema: public; Owner: -
--

CREATE TABLE public.content_homefeature (
    id bigint NOT NULL,
    title character varying(100) NOT NULL,
    description text NOT NULL,
    "order" integer NOT NULL,
    is_active boolean NOT NULL,
    CONSTRAINT content_homefeature_order_check CHECK (("order" >= 0))
);


--
-- Name: content_homefeature_id_seq; Type: SEQUENCE; Schema: public; Owner: -
--

ALTER TABLE public.content_homefeature ALTER COLUMN id ADD GENERATED BY DEFAULT AS IDENTITY (
    SEQUENCE NAME public.content_homefeature_id_seq
    START WITH 1
    INCREMENT BY 1
    NO MINVALUE
    NO MAXVALUE
    CACHE 1
);


--
-- Name: content_homefeatureimage; Type: TABLE; Schema: public; Owner: -
--

CREATE TABLE public.content_homefeatureimage (
    id bigint NOT NULL,
    "order" integer NOT NULL,
    is_active boolean NOT NULL,
    created_at timestamp with time zone NOT NULL,
    image character varying(500) CONSTRAINT content_homefeatureimage_icon_not_null NOT NULL,
    feature_id bigint CONSTRAINT content_homefeatureimage_banner_id_not_null NOT NULL
);


--
-- Name: content_homefeatureimage_id_seq; Type: SEQUENCE; Schema: public; Owner: -
--

ALTER TABLE public.content_homefeatureimage ALTER COLUMN id ADD GENERATED BY DEFAULT AS IDENTITY (
    SEQUENCE NAME public.content_homefeatureimage_id_seq
    START WITH 1
    INCREMENT BY 1
    NO MINVALUE
    NO MAXVALUE
    CACHE 1
);


--
-- Name: content_homestory; Type: TABLE; Schema: public; Owner: -
--

CREATE TABLE public.content_homestory (
    id bigint NOT NULL,
    title character varying(150) NOT NULL,
    description text NOT NULL,
    "order" integer NOT NULL,
    is_active boolean NOT NULL,
    CONSTRAINT content_homestory_order_check CHECK (("order" >= 0))
);


--
-- Name: content_homestory_id_seq; Type: SEQUENCE; Schema: public; Owner: -
--

ALTER TABLE public.content_homestory ALTER COLUMN id ADD GENERATED BY DEFAULT AS IDENTITY (
    SEQUENCE NAME public.content_homestory_id_seq
    START WITH 1
    INCREMENT BY 1
    NO MINVALUE
    NO MAXVALUE
    CACHE 1
);


--
-- Name: content_homestoryimage; Type: TABLE; Schema: public; Owner: -
--

CREATE TABLE public.content_homestoryimage (
    id bigint NOT NULL,
    "order" integer NOT NULL,
    is_active boolean NOT NULL,
    created_at timestamp with time zone NOT NULL,
    image character varying(500) NOT NULL,
    story_id bigint NOT NULL
);


--
-- Name: content_homestoryimage_id_seq; Type: SEQUENCE; Schema: public; Owner: -
--

ALTER TABLE public.content_homestoryimage ALTER COLUMN id ADD GENERATED BY DEFAULT AS IDENTITY (
    SEQUENCE NAME public.content_homestoryimage_id_seq
    START WITH 1
    INCREMENT BY 1
    NO MINVALUE
    NO MAXVALUE
    CACHE 1
);


--
-- Name: django_admin_log; Type: TABLE; Schema: public; Owner: -
--

CREATE TABLE public.django_admin_log (
    id integer NOT NULL,
    action_time timestamp with time zone NOT NULL,
    object_id text,
    object_repr character varying(200) NOT NULL,
    action_flag smallint NOT NULL,
    change_message text NOT NULL,
    content_type_id integer,
    user_id integer NOT NULL,
    CONSTRAINT django_admin_log_action_flag_check CHECK ((action_flag >= 0))
);


--
-- Name: django_admin_log_id_seq; Type: SEQUENCE; Schema: public; Owner: -
--

ALTER TABLE public.django_admin_log ALTER COLUMN id ADD GENERATED BY DEFAULT AS IDENTITY (
    SEQUENCE NAME public.django_admin_log_id_seq
    START WITH 1
    INCREMENT BY 1
    NO MINVALUE
    NO MAXVALUE
    CACHE 1
);


--
-- Name: django_content_type; Type: TABLE; Schema: public; Owner: -
--

CREATE TABLE public.django_content_type (
    id integer NOT NULL,
    app_label character varying(100) NOT NULL,
    model character varying(100) NOT NULL
);


--
-- Name: django_content_type_id_seq; Type: SEQUENCE; Schema: public; Owner: -
--

ALTER TABLE public.django_content_type ALTER COLUMN id ADD GENERATED BY DEFAULT AS IDENTITY (
    SEQUENCE NAME public.django_content_type_id_seq
    START WITH 1
    INCREMENT BY 1
    NO MINVALUE
    NO MAXVALUE
    CACHE 1
);


--
-- Name: django_migrations; Type: TABLE; Schema: public; Owner: -
--

CREATE TABLE public.django_migrations (
    id bigint NOT NULL,
    app character varying(255) NOT NULL,
    name character varying(255) NOT NULL,
    applied timestamp with time zone NOT NULL
);


--
-- Name: django_migrations_id_seq; Type: SEQUENCE; Schema: public; Owner: -
--

ALTER TABLE public.django_migrations ALTER COLUMN id ADD GENERATED BY DEFAULT AS IDENTITY (
    SEQUENCE NAME public.django_migrations_id_seq
    START WITH 1
    INCREMENT BY 1
    NO MINVALUE
    NO MAXVALUE
    CACHE 1
);


--
-- Name: django_session; Type: TABLE; Schema: public; Owner: -
--

CREATE TABLE public.django_session (
    session_key character varying(40) NOT NULL,
    session_data text NOT NULL,
    expire_date timestamp with time zone NOT NULL
);


--
-- Name: products_product; Type: TABLE; Schema: public; Owner: -
--

CREATE TABLE public.products_product (
    id bigint NOT NULL,
    name character varying(255) NOT NULL,
    price numeric(10,2) NOT NULL,
    description text NOT NULL,
    specifications text NOT NULL,
    is_active boolean NOT NULL,
    is_featured boolean NOT NULL,
    featured_order integer NOT NULL,
    cover character varying(200),
    created_at timestamp with time zone NOT NULL,
    category_id bigint
);


--
-- Name: products_product_id_seq; Type: SEQUENCE; Schema: public; Owner: -
--

ALTER TABLE public.products_product ALTER COLUMN id ADD GENERATED BY DEFAULT AS IDENTITY (
    SEQUENCE NAME public.products_product_id_seq
    START WITH 1
    INCREMENT BY 1
    NO MINVALUE
    NO MAXVALUE
    CACHE 1
);


--
-- Name: products_productcategory; Type: TABLE; Schema: public; Owner: -
--

CREATE TABLE public.products_productcategory (
    id bigint NOT NULL,
    name character varying(100) NOT NULL,
    "order" integer NOT NULL,
    parent_id bigint
);


--
-- Name: products_productcategory_id_seq; Type: SEQUENCE; Schema: public; Owner: -
--

ALTER TABLE public.products_productcategory ALTER COLUMN id ADD GENERATED BY DEFAULT AS IDENTITY (
    SEQUENCE NAME public.products_productcategory_id_seq
    START WITH 1
    INCREMENT BY 1
    NO MINVALUE
    NO MAXVALUE
    CACHE 1
);


--
-- Name: products_productimage; Type: TABLE; Schema: public; Owner: -
--

CREATE TABLE public.products_productimage (
    id bigint NOT NULL,
    image character varying(200) NOT NULL,
    product_id bigint NOT NULL
);


--
-- Name: products_productimage_id_seq; Type: SEQUENCE; Schema: public; Owner: -
--

ALTER TABLE public.products_productimage ALTER COLUMN id ADD GENERATED BY DEFAULT AS IDENTITY (
    SEQUENCE NAME public.products_productimage_id_seq
    START WITH 1
    INCREMENT BY 1
    NO MINVALUE
    NO MAXVALUE
    CACHE 1
);


--
-- Name: products_productvariant; Type: TABLE; Schema: public; Owner: -
--

CREATE TABLE public.products_productvariant (
    id bigint NOT NULL,
    style_name character varying(255) NOT NULL,
    style_image character varying(200),
    spec character varying(255) NOT NULL,
    stock integer NOT NULL,
    product_id bigint NOT NULL
);


--
-- Name: products_productvariant_id_seq; Type: SEQUENCE; Schema: public; Owner: -
--

ALTER TABLE public.products_productvariant ALTER COLUMN id ADD GENERATED BY DEFAULT AS IDENTITY (
    SEQUENCE NAME public.products_productvariant_id_seq
    START WITH 1
    INCREMENT BY 1
    NO MINVALUE
    NO MAXVALUE
    CACHE 1
);


--
-- Name: system_companyaboutimage; Type: TABLE; Schema: public; Owner: -
--

CREATE TABLE public.system_companyaboutimage (
    id bigint NOT NULL,
    image character varying(100) NOT NULL,
    sort integer NOT NULL,
    company_id bigint NOT NULL,
    CONSTRAINT system_companyaboutimage_sort_check CHECK ((sort >= 0))
);


--
-- Name: system_companyaboutimage_id_seq; Type: SEQUENCE; Schema: public; Owner: -
--

ALTER TABLE public.system_companyaboutimage ALTER COLUMN id ADD GENERATED BY DEFAULT AS IDENTITY (
    SEQUENCE NAME public.system_companyaboutimage_id_seq
    START WITH 1
    INCREMENT BY 1
    NO MINVALUE
    NO MAXVALUE
    CACHE 1
);


--
-- Name: system_companyprofile; Type: TABLE; Schema: public; Owner: -
--

CREATE TABLE public.system_companyprofile (
    id bigint NOT NULL,
    company_name character varying(255) NOT NULL,
    address text NOT NULL,
    contact_person character varying(100) NOT NULL,
    mobile character varying(50) NOT NULL,
    email character varying(254) NOT NULL,
    updated_at timestamp with time zone NOT NULL,
    about_html text NOT NULL
);


--
-- Name: system_companyprofile_id_seq; Type: SEQUENCE; Schema: public; Owner: -
--

ALTER TABLE public.system_companyprofile ALTER COLUMN id ADD GENERATED BY DEFAULT AS IDENTITY (
    SEQUENCE NAME public.system_companyprofile_id_seq
    START WITH 1
    INCREMENT BY 1
    NO MINVALUE
    NO MAXVALUE
    CACHE 1
);


--
-- Name: system_richtextimage; Type: TABLE; Schema: public; Owner: -
--

CREATE TABLE public.system_richtextimage (
    id bigint NOT NULL,
    image character varying(100) NOT NULL,
    created_at timestamp with time zone NOT NULL
);


--
-- Name: system_richtextimage_id_seq; Type: SEQUENCE; Schema: public; Owner: -
--

ALTER TABLE public.system_richtextimage ALTER COLUMN id ADD GENERATED BY DEFAULT AS IDENTITY (
    SEQUENCE NAME public.system_richtextimage_id_seq
    START WITH 1
    INCREMENT BY 1
    NO MINVALUE
    NO MAXVALUE
    CACHE 1
);


--
-- Data for Name: auth_group; Type: TABLE DATA; Schema: public; Owner: -
--

COPY public.auth_group (id, name) FROM stdin;
\.


--
-- Data for Name: auth_group_permissions; Type: TABLE DATA; Schema: public; Owner: -
--

COPY public.auth_group_permissions (id, group_id, permission_id) FROM stdin;
\.


--
-- Data for Name: auth_permission; Type: TABLE DATA; Schema: public; Owner: -
--

COPY public.auth_permission (id, name, content_type_id, codename) FROM stdin;
1	Can add log entry	1	add_logentry
2	Can change log entry	1	change_logentry
3	Can delete log entry	1	delete_logentry
4	Can view log entry	1	view_logentry
5	Can add permission	2	add_permission
6	Can change permission	2	change_permission
7	Can delete permission	2	delete_permission
8	Can view permission	2	view_permission
9	Can add group	3	add_group
10	Can change group	3	change_group
11	Can delete group	3	delete_group
12	Can view group	3	view_group
13	Can add user	4	add_user
14	Can change user	4	change_user
15	Can delete user	4	delete_user
16	Can view user	4	view_user
17	Can add content type	5	add_contenttype
18	Can change content type	5	change_contenttype
19	Can delete content type	5	delete_contenttype
20	Can view content type	5	view_contenttype
21	Can add session	6	add_session
22	Can change session	6	change_session
23	Can delete session	6	delete_session
24	Can view session	6	view_session
25	Can add product category	7	add_productcategory
26	Can change product category	7	change_productcategory
27	Can delete product category	7	delete_productcategory
28	Can view product category	7	view_productcategory
29	Can add product	8	add_product
30	Can change product	8	change_product
31	Can delete product	8	delete_product
32	Can view product	8	view_product
33	Can add product image	9	add_productimage
34	Can change product image	9	change_productimage
35	Can delete product image	9	delete_productimage
36	Can view product image	9	view_productimage
37	Can add product variant	10	add_productvariant
38	Can change product variant	10	change_productvariant
39	Can delete product variant	10	delete_productvariant
40	Can view product variant	10	view_productvariant
41	Can add 首页轮播	11	add_homebanner
42	Can change 首页轮播	11	change_homebanner
43	Can delete 首页轮播	11	delete_homebanner
44	Can view 首页轮播	11	view_homebanner
45	Can add 首页核心卖点	12	add_homefeature
46	Can change 首页核心卖点	12	change_homefeature
47	Can delete 首页核心卖点	12	delete_homefeature
48	Can view 首页核心卖点	12	view_homefeature
49	Can add 首页品牌理念	13	add_homestory
50	Can change 首页品牌理念	13	change_homestory
51	Can delete 首页品牌理念	13	delete_homestory
52	Can view 首页品牌理念	13	view_homestory
53	Can add home banner image	14	add_homebannerimage
54	Can change home banner image	14	change_homebannerimage
55	Can delete home banner image	14	delete_homebannerimage
56	Can view home banner image	14	view_homebannerimage
57	Can add home feature image	15	add_homefeatureimage
58	Can change home feature image	15	change_homefeatureimage
59	Can delete home feature image	15	delete_homefeatureimage
60	Can view home feature image	15	view_homefeatureimage
61	Can add home story image	16	add_homestoryimage
62	Can change home story image	16	change_homestoryimage
63	Can delete home story image	16	delete_homestoryimage
64	Can view home story image	16	view_homestoryimage
65	Can add 公司信息	17	add_companyprofile
66	Can change 公司信息	17	change_companyprofile
67	Can delete 公司信息	17	delete_companyprofile
68	Can view 公司信息	17	view_companyprofile
69	Can add company about image	18	add_companyaboutimage
70	Can change company about image	18	change_companyaboutimage
71	Can delete company about image	18	delete_companyaboutimage
72	Can view company about image	18	view_companyaboutimage
73	Can add rich text image	19	add_richtextimage
74	Can change rich text image	19	change_richtextimage
75	Can delete rich text image	19	delete_richtextimage
76	Can view rich text image	19	view_richtextimage
\.


--
-- Data for Name: auth_user; Type: TABLE DATA; Schema: public; Owner: -
--

COPY public.auth_user (id, password, last_login, is_superuser, username, first_name, last_name, email, is_staff, is_active, date_joined) FROM stdin;
1	pbkdf2_sha256$1000000$frcx9V7MxUErGBnU6y2ahc$X9PFsD7U9WceSxqlj9uDN3xD9taIzuTGJV4QdM6H3JQ=	2025-12-29 05:03:00.196+00	t	admin			xgshing@qq.com	t	t	2025-12-25 16:43:47.858+00
\.


--
-- Data for Name: auth_user_groups; Type: TABLE DATA; Schema: public; Owner: -
--

COPY public.auth_user_groups (id, user_id, group_id) FROM stdin;
\.


--
-- Data for Name: auth_user_user_permissions; Type: TABLE DATA; Schema: public; Owner: -
--

COPY public.auth_user_user_permissions (id, user_id, permission_id) FROM stdin;
\.


--
-- Data for Name: content_homebanner; Type: TABLE DATA; Schema: public; Owner: -
--

COPY public.content_homebanner (id, title, description, button_text, button_link, "order", is_active, created_at, updated_at) FROM stdin;
2	Instruments as Exceptional as Your Craft.	Unlock exclusive discounts designed to honor the artistry of nail professionals and enhance your exquisite craft.			1	t	2025-12-29 15:08:33.267+00	2026-01-08 09:21:48.088879+00
3	Nail Care for Grown-ups.	Helping you make the shift to enduring quality and mindful self-care.			2	t	2025-12-29 15:09:58.211+00	2026-01-08 09:22:01.274307+00
4	At Your Fingertips.	Solingen’s finest; where every tool is designed for the expert touch.			3	t	2025-12-29 15:10:56.397+00	2026-01-08 09:22:11.679896+00
5	Upgrade Your Grooming  from Everyday to Exceptional	Discover the missing piece in your luxury lifestyle with premium nail tools that redefine daily grooming as an indulgence within reach.			4	t	2025-12-29 15:12:43.147+00	2026-01-08 09:22:24.25532+00
\.


--
-- Data for Name: content_homebannerimage; Type: TABLE DATA; Schema: public; Owner: -
--

COPY public.content_homebannerimage (id, "order", is_active, created_at, image, banner_id) FROM stdin;
27	0	t	2026-01-08 09:21:49.209952+00	https://res.cloudinary.com/duewzp6b0/image/upload/v1767864108/home/banners/zw9q1zw892coliv8w1wz.jpg	2
28	0	t	2026-01-08 09:22:01.921669+00	https://res.cloudinary.com/duewzp6b0/image/upload/v1767864121/home/banners/hytozhvryhwqmj3yxjoe.jpg	3
29	0	t	2026-01-08 09:22:12.626912+00	https://res.cloudinary.com/duewzp6b0/image/upload/v1767864131/home/banners/k6ofjsxaqws4dmvqtkeq.jpg	4
30	0	t	2026-01-08 09:22:25.514715+00	https://res.cloudinary.com/duewzp6b0/image/upload/v1767864144/home/banners/mbgqulwmqueg1p7fyt3i.jpg	5
\.


--
-- Data for Name: content_homefeature; Type: TABLE DATA; Schema: public; Owner: -
--

COPY public.content_homefeature (id, title, description, "order", is_active) FROM stdin;
4	Sustainable Craftsmanship	Our tools are created by expert artisans in Solingen, Germany using high-quality steel, promising lifetime durability without contributing to landfill waste	1	t
6	Eco-Friendly Luxury	Committed to the planet,  we opt for minimal, plastic-free packaging, reflecting our dedication to environmental responsibility and sustainable beauty practices	2	t
7	Ethical Excellence	Our promise extends beyond quality; we ensure ethical production by forgoing child labor, upholding a standard of integrity and respect in every product crafted.	3	t
\.


--
-- Data for Name: content_homefeatureimage; Type: TABLE DATA; Schema: public; Owner: -
--

COPY public.content_homefeatureimage (id, "order", is_active, created_at, image, feature_id) FROM stdin;
14	0	t	2026-01-08 09:22:50.541211+00	https://res.cloudinary.com/duewzp6b0/image/upload/v1767864169/home/features/gjjchh4lmcgtjv52vxka.jpg	4
15	0	t	2026-01-08 09:23:01.505483+00	https://res.cloudinary.com/duewzp6b0/image/upload/v1767864180/home/features/b5gm1hkdo2hpxr9zk0gt.jpg	6
16	0	t	2026-01-08 09:23:11.165604+00	https://res.cloudinary.com/duewzp6b0/image/upload/v1767864190/home/features/gyd53d9mcsmsphufz6vj.jpg	7
\.


--
-- Data for Name: content_homestory; Type: TABLE DATA; Schema: public; Owner: -
--

COPY public.content_homestory (id, title, description, "order", is_active) FROM stdin;
3	100% Solingen Germany	While some brands may obscure their origins with clever marketing, our tools proudly boast authentic craftsmanship	1	t
4	Unmatched Quality	Dismiss the notion that all manicure instruments are interchangeable; ours stand in a league of their own.	2	t
5	Lifetime Guarantee	Crafted for longevity, our tools are treasures that can be passed down through generations	3	t
\.


--
-- Data for Name: content_homestoryimage; Type: TABLE DATA; Schema: public; Owner: -
--

COPY public.content_homestoryimage (id, "order", is_active, created_at, image, story_id) FROM stdin;
\.


--
-- Data for Name: django_admin_log; Type: TABLE DATA; Schema: public; Owner: -
--

COPY public.django_admin_log (id, action_time, object_id, object_repr, action_flag, change_message, content_type_id, user_id) FROM stdin;
\.


--
-- Data for Name: django_content_type; Type: TABLE DATA; Schema: public; Owner: -
--

COPY public.django_content_type (id, app_label, model) FROM stdin;
1	admin	logentry
2	auth	permission
3	auth	group
4	auth	user
5	contenttypes	contenttype
6	sessions	session
7	products	productcategory
8	products	product
9	products	productimage
10	products	productvariant
11	content	homebanner
12	content	homefeature
13	content	homestory
14	content	homebannerimage
15	content	homefeatureimage
16	content	homestoryimage
17	system	companyprofile
18	system	companyaboutimage
19	system	richtextimage
\.


--
-- Data for Name: django_migrations; Type: TABLE DATA; Schema: public; Owner: -
--

COPY public.django_migrations (id, app, name, applied) FROM stdin;
1	contenttypes	0001_initial	2026-01-06 06:43:12.849747+00
2	auth	0001_initial	2026-01-06 06:43:13.084945+00
3	admin	0001_initial	2026-01-06 06:43:13.159641+00
4	admin	0002_logentry_remove_auto_add	2026-01-06 06:43:13.167243+00
5	admin	0003_logentry_add_action_flag_choices	2026-01-06 06:43:13.177666+00
6	contenttypes	0002_remove_content_type_name	2026-01-06 06:43:13.205653+00
7	auth	0002_alter_permission_name_max_length	2026-01-06 06:43:13.221413+00
8	auth	0003_alter_user_email_max_length	2026-01-06 06:43:13.235292+00
9	auth	0004_alter_user_username_opts	2026-01-06 06:43:13.250996+00
10	auth	0005_alter_user_last_login_null	2026-01-06 06:43:13.263476+00
11	auth	0006_require_contenttypes_0002	2026-01-06 06:43:13.268297+00
12	auth	0007_alter_validators_add_error_messages	2026-01-06 06:43:13.278223+00
13	auth	0008_alter_user_username_max_length	2026-01-06 06:43:13.293635+00
14	auth	0009_alter_user_last_name_max_length	2026-01-06 06:43:13.30991+00
15	auth	0010_alter_group_name_max_length	2026-01-06 06:43:13.323853+00
16	auth	0011_update_proxy_permissions	2026-01-06 06:43:13.337797+00
17	auth	0012_alter_user_first_name_max_length	2026-01-06 06:43:13.351127+00
18	content	0001_initial	2026-01-06 06:43:13.379383+00
19	content	0002_rename_subtitle_homebanner_description_and_more	2026-01-06 06:43:13.465489+00
20	content	0003_rename_banner_homefeatureimage_feature_and_more	2026-01-06 06:43:13.596317+00
21	products	0001_initial	2026-01-06 06:43:13.761694+00
22	sessions	0001_initial	2026-01-06 06:43:13.786126+00
23	system	0001_initial	2026-01-06 06:43:13.847112+00
24	system	0002_companyprofile_about_html_and_more	2026-01-06 06:43:13.876872+00
25	system	0003_richtextimage	2026-01-06 06:43:13.885237+00
26	content	0004_alter_homebannerimage_image_and_more	2026-01-06 18:00:41.185073+00
27	products	0002_alter_product_cover_alter_productimage_image_and_more	2026-01-06 18:00:41.256171+00
28	system	0004_alter_companyaboutimage_image_and_more	2026-01-06 18:00:41.273151+00
29	content	0005_alter_homebannerimage_image_and_more	2026-01-07 06:24:50.341711+00
30	products	0003_alter_product_cover_alter_productimage_image_and_more	2026-01-07 06:24:50.43608+00
31	system	0005_alter_companyaboutimage_image_and_more	2026-01-07 06:24:50.478246+00
32	products	0004_alter_productvariant_style_image	2026-01-07 16:17:10.775166+00
33	products	0005_remove_product_featured_rank_and_more	2026-01-08 03:23:52.747631+00
34	content	0006_rename_icon_homefeatureimage_image	2026-01-10 07:20:34.563778+00
35	content	0007_alter_homebannerimage_image_and_more	2026-01-10 16:39:57.181653+00
\.


--
-- Data for Name: django_session; Type: TABLE DATA; Schema: public; Owner: -
--

COPY public.django_session (session_key, session_data, expire_date) FROM stdin;
ac7nytyx0hvrtstug3jdbcvlarjptchl	.eJxVjEsOgzAMBe-SdRXFScyny-45A7Jj09BWIBFYVb17QWLRbt_MvLfpaVtzvxVd-lHM1YC5_G5M6anTAeRB0322aZ7WZWR7KPakxXaz6Ot2un8HmUre60qA2AVRQkwsDqM2GAhjqoBrrX0bIERtARxgGhwE9cKx4cYPe-vM5wvjUjeB:1vYoRl:LA7YoVz7IupHbBi9nZ8-3AO_WcvWY7DLaY7Z8Vt855w	2026-01-08 16:44:17.41+00
dv9p20qyqk79gguwii8kewa1xavwiel8	.eJxVjEsOgzAMBe-SdRXFScyny-45A7Jj09BWIBFYVb17QWLRbt_MvLfpaVtzvxVd-lHM1YC5_G5M6anTAeRB0322aZ7WZWR7KPakxXaz6Ot2un8HmUre60qA2AVRQkwsDqM2GAhjqoBrrX0bIERtARxgGhwE9cKx4cYPe-vM5wvjUjeB:1va5PI:-zpvDGbdTfT2cXwjJdOjrkIEP7R-jSNlofWwj4Mesqs	2026-01-12 05:03:00.2+00
\.


--
-- Data for Name: products_product; Type: TABLE DATA; Schema: public; Owner: -
--

COPY public.products_product (id, name, price, description, specifications, is_active, is_featured, featured_order, cover, created_at, category_id) FROM stdin;
29	High Quality Baby manicure set	34.50	Baby manicure set		t	t	5	https://res.cloudinary.com/duewzp6b0/image/upload/v1767868914/products/covers/v3kucl1icmikokbhpoj9.jpg	2025-12-28 06:23:48.395+00	4
26	Professional Curler Eyebrow Eyelash tweezers	23.65	Professional Universal Eyelash Curler Eyebrow Eyelash tweezers		t	t	1	https://res.cloudinary.com/duewzp6b0/image/upload/v1767864335/products/covers/wcq4wkwmmjmnmgmnmde5.jpg	2025-12-28 06:15:47.758+00	3
31	Amazon hot seller 150 pocket mirrors 5x/10x/15x makeup mirror bathroom mirrors	33.00	Amazon hot seller 150 pocket mirrors 5x/10x/15x makeup mirror bathroom mirrors		t	f	0	https://res.cloudinary.com/duewzp6b0/image/upload/v1767869034/products/covers/pr3vtnkvfb3wgmkdubma.jpg	2025-12-28 06:30:11.98+00	6
27	Wholesale Professional Makeup Tool Universal Eyelash Curler Eyebrow Eyelash tweezers	24.00	Wholesale Professional Makeup Tool Universal Eyelash Curler Eyebrow Eyelash tweezers		t	f	2	https://res.cloudinary.com/duewzp6b0/image/upload/v1767864452/products/covers/ji0a0krecr88vcpe66c3.jpg	2025-12-28 06:18:44.938+00	3
61	Nail Brush for clearing	23.00	Nail clear brush nail brush		t	f	0	https://res.cloudinary.com/duewzp6b0/image/upload/v1767870439/products/covers/vepxcid5hsqbgmsnfi1w.jpg	2026-01-08 11:07:18.855276+00	7
32	Toe corrector toe splitter	56.00	Toe corrector toe splitter		t	f	0	https://res.cloudinary.com/duewzp6b0/image/upload/v1767869095/products/covers/zgb6okh8p8r4hgn9p1b8.png	2025-12-28 06:31:59.099+00	6
35	Hot selling professional Nail Cutters Nail Nipper Surgical Grade Stainless Steel Nail Cutting	53.00	Hot selling professional Nail Cutters Nail Nipper Surgical Grade Stainless Steel Nail Cutting Professional Black color 14cm		t	f	0	https://res.cloudinary.com/duewzp6b0/image/upload/v1767864747/products/covers/optponwokqo3zgm8kqiz.jpg	2026-01-06 10:48:00.297998+00	1
25	Hot Sale Fast Shipment Professional Manicure Stainless Steel Nail Cuticle Nipper	44.00	Hot Sale Fast Shipment Professional Manicure Stainless Steel Nail Cuticle Nipper		t	t	3	https://res.cloudinary.com/duewzp6b0/image/upload/v1767864660/products/covers/vwfuap3mfn0wyh1eaetq.jpg	2025-12-28 06:11:47.695+00	1
33	Ear Pick	23.21	Professional manufacturer Ear Wax Remover Amazon hot selling ear cleaning pick limpieza de oidos		t	f	0	https://res.cloudinary.com/duewzp6b0/image/upload/v1767869161/products/covers/v8mz30nnujhqbrzcwdpw.jpg	2026-01-04 06:42:46.558+00	5
36	Professional lower Price Stainless Steel Manicure Nail Cuticle Remover Cuticle Nippe	23.00	Professional lower Price Stainless Steel Manicure Nail Cuticle Remover Cuticle Nipper		t	f	0	https://res.cloudinary.com/duewzp6b0/image/upload/v1767868551/products/covers/obmhvxkylcsevodof6gz.jpg	2026-01-06 17:06:55.303502+00	1
63	Black Portable Nail Clipper	23.00	Black Portable Nail Clipper		t	f	0	https://res.cloudinary.com/duewzp6b0/image/upload/v1767870696/products/covers/hurvy359kdgqtdaxcs3x.jpg	2026-01-08 11:11:36.249552+00	8
24	New Style Moon Shape Nail Cutter High Quality Stainless Steel Beauty Pedicure Manicure Nail Care tool Nail Cuticle Nipper	24.20	New Style Moon Shape Nail Cutter High Quality Stainless Steel Beauty Pedicure Manicure Nail Care tool Nail Cuticle Nipper		t	f	1	https://res.cloudinary.com/duewzp6b0/image/upload/v1767868643/products/covers/brtedvbx4ocfwllvs5m9.jpg	2025-12-28 06:08:14.499+00	1
30	New Arrival Skincare kits	34.00	Acne blackhead removing needle cell clip acne needle set 10-piece acne needle set		t	f	5	https://res.cloudinary.com/duewzp6b0/image/upload/v1767869271/products/covers/bkuspcoio9bs9f1qfil7.jpg	2025-12-28 06:27:57.671+00	5
28	Baby manicure set	53.00	Baby manicure set-3pcs		t	t	4	https://res.cloudinary.com/duewzp6b0/image/upload/v1767868866/products/covers/tw2pigjqsaw7jsvi0dny.jpg	2025-12-28 06:21:34.803+00	4
34	Custom Logo Stainless Steel Cuticle Nippers Nail Nipper Cuticle Moon Shape Nail Cutter	23.55	Product description: Custom Logo Stainless Steel Cuticle Nippers Nail Nipper Cuticle Moon Shape Nail Cutter		t	f	0	https://res.cloudinary.com/duewzp6b0/image/upload/v1767865047/products/covers/r78j5kyccecdzp8pfqcd.jpg	2026-01-06 09:13:36.466053+00	1
59	Foot files	23.00	PP handle Foot files		t	f	0	https://res.cloudinary.com/duewzp6b0/image/upload/v1767870208/products/covers/eiga4peprb1d8pclhmcl.jpg	2026-01-08 11:03:04.17974+00	9
64	Nail Clipper	23.00	Amazon Hot Finger Set Stainless Steel Toe Nail Tools Large Opening Stainless Steel Black Portable Nail Clipper		t	f	0	https://res.cloudinary.com/duewzp6b0/image/upload/v1767870841/products/covers/rsybckknzgyr0ljijj7n.jpg	2026-01-08 11:14:00.931087+00	8
60	New Style Fast Shipment Professional Manicure Stainless Steel Nail Cuticle Nippers Vietnam	23.00	New Style Fast Shipment Professional Manicure Stainless Steel Nail Cuticle Nippers Vietnam		t	f	0	https://res.cloudinary.com/duewzp6b0/image/upload/v1767870329/products/covers/ypjhausbmiv5mjv1be0s.jpg	2026-01-08 11:05:28.865295+00	1
62	Nail Brush	43.00	Nail clear brush nail brush		t	f	0	https://res.cloudinary.com/duewzp6b0/image/upload/v1767870502/products/covers/slpuzphs7rbhiptnnkfw.jpg	2026-01-08 11:08:22.675013+00	7
65	Baby nail clipper	25.00	Baby nail clipper		t	f	0	https://res.cloudinary.com/duewzp6b0/image/upload/v1767870928/products/covers/ezscpfbphzzz58gocito.jpg	2026-01-08 11:15:28.376985+00	4
66	Baby beauty Tool set	23.00	Baby manicure set		t	f	0	https://res.cloudinary.com/duewzp6b0/image/upload/v1767871090/products/covers/ptkchdlgo1uq3wag7nqx.jpg	2026-01-08 11:18:10.705778+00	4
67	Quality Baby manicure set	23.00	High Quality Baby manicure set		t	f	0	https://res.cloudinary.com/duewzp6b0/image/upload/v1767871237/products/covers/gjm9wn98gmwsycndzrh4.jpg	2026-01-08 11:20:37.069608+00	4
57	Float Foot files	223.00	environmentally friendly materials Foot files		t	f	0	https://res.cloudinary.com/duewzp6b0/image/upload/v1767869484/products/covers/veoaxwbi9lr5gl8s69ic.jpg	2026-01-08 10:51:24.041491+00	9
58	Foot care tools	23.00	environmentally friendly materials Foot files		t	f	0	https://res.cloudinary.com/duewzp6b0/image/upload/v1767869767/products/covers/us9xarpl52luen6cgwor.jpg	2026-01-08 10:56:06.964588+00	9
\.


--
-- Data for Name: products_productcategory; Type: TABLE DATA; Schema: public; Owner: -
--

COPY public.products_productcategory (id, name, "order", parent_id) FROM stdin;
1	Pliers	0	\N
2	Beauty Tools	0	\N
3	Eyelash Curler	0	2
4	Baby Manicure sets	0	2
5	SkinCare Tools	0	2
6	Personal Care Tools	0	\N
7	Beauty Brush	0	2
8	Nail Clipper	0	2
9	Foot files	0	2
\.


--
-- Data for Name: products_productimage; Type: TABLE DATA; Schema: public; Owner: -
--

COPY public.products_productimage (id, image, product_id) FROM stdin;
92	products/details/1670070299143258.jpg	34
93	products/details/1670070299595833.jpg	34
94	products/details/1758510848166884108163787e594a1065399.jpg	34
108	products/details/1670070571464534.jpg	27
109	products/details/637a1e7da8b842632.jpg	27
110	products/details/637a1e7da85325985.jpg	27
120	https://res.cloudinary.com/duewzp6b0/image/upload/v1767864336/products/details/nfcid0w1oenlrwdn5nvd.jpg	26
121	https://res.cloudinary.com/duewzp6b0/image/upload/v1767864336/products/details/cpe9md33ik8rjnpwn4cy.jpg	26
122	https://res.cloudinary.com/duewzp6b0/image/upload/v1767864337/products/details/cjtozggihv4z2lxtlthk.jpg	26
123	https://res.cloudinary.com/duewzp6b0/image/upload/v1767864453/products/details/eamb9s63jt5motns4cpa.jpg	27
124	https://res.cloudinary.com/duewzp6b0/image/upload/v1767864454/products/details/zuaa8cvwap7skvaq7stq.jpg	27
125	https://res.cloudinary.com/duewzp6b0/image/upload/v1767864660/products/details/yjihv6n4yj7tlne5jovg.jpg	25
126	https://res.cloudinary.com/duewzp6b0/image/upload/v1767864748/products/details/un91lzgsqu5xno6cuopm.jpg	35
127	https://res.cloudinary.com/duewzp6b0/image/upload/v1767864749/products/details/kfpcltgzwfo7l6dsh7pm.jpg	35
128	https://res.cloudinary.com/duewzp6b0/image/upload/v1767864749/products/details/vac9wnbnwdzmopi3mrpu.jpg	35
129	https://res.cloudinary.com/duewzp6b0/image/upload/v1767864750/products/details/osqt5cqr19q9zu0xomqm.jpg	35
130	https://res.cloudinary.com/duewzp6b0/image/upload/v1767864751/products/details/ts74uo1bfod1mkzspcdh.jpg	35
131	https://res.cloudinary.com/duewzp6b0/image/upload/v1767864752/products/details/fdsi6dmmgtvylnbmneog.jpg	35
133	https://res.cloudinary.com/duewzp6b0/image/upload/v1767865048/products/details/gps6fth4vsxre6cverds.jpg	34
134	https://res.cloudinary.com/duewzp6b0/image/upload/v1767865048/products/details/otq8xfdojof7ncma9ywo.jpg	34
135	https://res.cloudinary.com/duewzp6b0/image/upload/v1767865049/products/details/qhpjf9dtkt5hcnur3udt.jpg	34
136	https://res.cloudinary.com/duewzp6b0/image/upload/v1767866220/products/details/mdvmcvz23chaspt7opuo.jpg	35
137	https://res.cloudinary.com/duewzp6b0/image/upload/v1767868552/products/details/tx6k2evfwkhwuhvsxyqe.jpg	36
138	https://res.cloudinary.com/duewzp6b0/image/upload/v1767868553/products/details/friglhwtpotreckfjhfq.jpg	36
139	https://res.cloudinary.com/duewzp6b0/image/upload/v1767868555/products/details/nbh6ieejhrp8gaplidm4.jpg	36
140	https://res.cloudinary.com/duewzp6b0/image/upload/v1767868643/products/details/acd1yfs6g9ahqpylqnck.jpg	24
141	https://res.cloudinary.com/duewzp6b0/image/upload/v1767868644/products/details/gvpyyivfn17rtuwxnjah.jpg	24
142	https://res.cloudinary.com/duewzp6b0/image/upload/v1767868645/products/details/opwbvhin6kefp5d2lru3.jpg	24
143	https://res.cloudinary.com/duewzp6b0/image/upload/v1767869036/products/details/ch6rlh5hu3wnarnyxqb0.jpg	31
144	https://res.cloudinary.com/duewzp6b0/image/upload/v1767869037/products/details/kkhoslbbycgbqutwlrqu.jpg	31
145	https://res.cloudinary.com/duewzp6b0/image/upload/v1767869096/products/details/khubta476e7pzec20ixr.png	32
146	https://res.cloudinary.com/duewzp6b0/image/upload/v1767869097/products/details/hlt7x0rz28u8iblzu1f9.jpg	32
147	https://res.cloudinary.com/duewzp6b0/image/upload/v1767869098/products/details/c4yailmo9qqs6czawh8u.png	32
148	https://res.cloudinary.com/duewzp6b0/image/upload/v1767869099/products/details/j49nqflhaizbyp9ew8ot.png	32
149	https://res.cloudinary.com/duewzp6b0/image/upload/v1767869162/products/details/zlykotcnynl6m6n6malg.jpg	33
150	https://res.cloudinary.com/duewzp6b0/image/upload/v1767869163/products/details/knjeyd4ptpzoohh4as5x.jpg	33
151	https://res.cloudinary.com/duewzp6b0/image/upload/v1767869164/products/details/mrxnhkoyurv1lh71xupn.jpg	33
152	https://res.cloudinary.com/duewzp6b0/image/upload/v1767869164/products/details/nq2dkkat2tpqsyqvsvgw.jpg	33
153	https://res.cloudinary.com/duewzp6b0/image/upload/v1767869165/products/details/cw26ayevaqiov3gsph39.jpg	33
154	https://res.cloudinary.com/duewzp6b0/image/upload/v1767869166/products/details/fgyx7e6tvursjngeu5y1.jpg	33
155	https://res.cloudinary.com/duewzp6b0/image/upload/v1767869167/products/details/lglmdiwftbbgyznvsuif.jpg	33
156	https://res.cloudinary.com/duewzp6b0/image/upload/v1767869272/products/details/pppmvvtsrbyvifnrcewp.jpg	30
157	https://res.cloudinary.com/duewzp6b0/image/upload/v1767869484/products/details/d2fhdw1lezbyyqagpsh2.jpg	57
158	https://res.cloudinary.com/duewzp6b0/image/upload/v1767869485/products/details/m4lg0w0r1omz8uqkakrm.jpg	57
159	https://res.cloudinary.com/duewzp6b0/image/upload/v1767870210/products/details/puvjsquaivpcxzwq4pib.jpg	59
160	https://res.cloudinary.com/duewzp6b0/image/upload/v1767870329/products/details/fbpgtfnhnfvqt4kzefvk.jpg	60
161	https://res.cloudinary.com/duewzp6b0/image/upload/v1767870330/products/details/i3qbqsbfiecn3rwdhrgj.jpg	60
162	https://res.cloudinary.com/duewzp6b0/image/upload/v1767870331/products/details/tlnn9y9mekhdg0jzvawr.jpg	60
163	https://res.cloudinary.com/duewzp6b0/image/upload/v1767870841/products/details/enckb4vgrtgr2w41xatn.jpg	64
164	https://res.cloudinary.com/duewzp6b0/image/upload/v1767870842/products/details/cmfvkpf3jnhjhhknoext.jpg	64
165	https://res.cloudinary.com/duewzp6b0/image/upload/v1767870929/products/details/lfofisaqiumqmjswwrpg.jpg	65
166	https://res.cloudinary.com/duewzp6b0/image/upload/v1767870929/products/details/puatdajtzsnfobybrjfb.jpg	65
167	https://res.cloudinary.com/duewzp6b0/image/upload/v1767871091/products/details/y30q6mw6cus1scrgrkdw.jpg	66
168	https://res.cloudinary.com/duewzp6b0/image/upload/v1767871237/products/details/ssm18ydqor0lbovateov.jpg	67
169	https://res.cloudinary.com/duewzp6b0/image/upload/v1767871239/products/details/npwhlubtvpbqo9jtt4wt.jpg	67
170	https://res.cloudinary.com/duewzp6b0/image/upload/v1767871239/products/details/eu3qsyqarxykmhbau0c0.jpg	67
171	https://res.cloudinary.com/duewzp6b0/image/upload/v1767871240/products/details/h33xj2kxmaaxfnjkfdvs.jpg	67
\.


--
-- Data for Name: products_productvariant; Type: TABLE DATA; Schema: public; Owner: -
--

COPY public.products_productvariant (id, style_name, style_image, spec, stock, product_id) FROM stdin;
35	White	https://res.cloudinary.com/duewzp6b0/image/upload/v1767869099/products/variants/ivpnl7ih6mjpbcvg9t4o.png		460	32
36	Yellow	https://res.cloudinary.com/duewzp6b0/image/upload/v1767869168/products/variants/feizc9uowupf803kougr.jpg		50	33
28	Blue	https://res.cloudinary.com/duewzp6b0/image/upload/v1767869273/products/variants/tynkxgnsyp1j5wicjuh6.jpg		23	30
29	Black	https://res.cloudinary.com/duewzp6b0/image/upload/v1767869274/products/variants/ndjhv7kve7mx4awnkmri.jpg		54	30
30	Green	https://res.cloudinary.com/duewzp6b0/image/upload/v1767869275/products/variants/qf1j6y5lzzofzaexqs6z.jpg		234	30
22	Blue	https://res.cloudinary.com/duewzp6b0/image/upload/v1767864337/products/variants/rdtvfqamuuevtfkiutmm.jpg		260	26
23	Black	https://res.cloudinary.com/duewzp6b0/image/upload/v1767864457/products/variants/xqo3hackovfzhyqr78zg.jpg		50	27
31	Pink	https://res.cloudinary.com/duewzp6b0/image/upload/v1767869275/products/variants/mwxxsdoo4erawahc1nx9.jpg		23	30
32	Silvery	https://res.cloudinary.com/duewzp6b0/image/upload/v1767869276/products/variants/mko7racbsk4ftis0ypqp.jpg		23	30
33	Purple	https://res.cloudinary.com/duewzp6b0/image/upload/v1767869277/products/variants/ipvwrvevplbcwnqaavbi.jpg		20	30
57	Blue	https://res.cloudinary.com/duewzp6b0/image/upload/v1767869486/products/variants/hfbjp9gds6edbjqebqkv.jpg		11	57
37	Dark Blue	https://res.cloudinary.com/duewzp6b0/image/upload/v1767865049/products/variants/xqm0y7m6ehnddwwlyvbv.jpg		100	34
58	Pink	https://res.cloudinary.com/duewzp6b0/image/upload/v1767869767/products/variants/tli2euzduphzorbpnysb.jpg		12	58
59	White	https://res.cloudinary.com/duewzp6b0/image/upload/v1767869768/products/variants/e31tvydxccerbrquivta.jpg		12	58
60	Transparent	https://res.cloudinary.com/duewzp6b0/image/upload/v1767869769/products/variants/dvtudljggjmajdg1huyy.jpg		10	58
61	Blue	https://res.cloudinary.com/duewzp6b0/image/upload/v1767870210/products/variants/srbhtdnzjfrcejmaceyq.jpg		12	59
62	Black	https://res.cloudinary.com/duewzp6b0/image/upload/v1767870211/products/variants/s6yrsewpusyhxkoarpys.jpg		23	59
63	Purple	https://res.cloudinary.com/duewzp6b0/image/upload/v1767870212/products/variants/dqpw4j7v3d23td7ncoz4.jpg		23	59
38	Slivery	https://res.cloudinary.com/duewzp6b0/image/upload/v1767864754/products/variants/ast3o85lrs08fhzoabof.jpg		200	35
39	Black	https://res.cloudinary.com/duewzp6b0/image/upload/v1767864755/products/variants/jgmfhjyys6ytiidno4yh.jpg		20	35
21	Rainbow color	https://res.cloudinary.com/duewzp6b0/image/upload/v1767864661/products/variants/qtfmvqp3gngcheqetygb.jpg		200	25
40	Blue	https://res.cloudinary.com/duewzp6b0/image/upload/v1767868556/products/variants/k2z9beuqqzewv9asptqj.jpg		100	36
20	Silvery	https://res.cloudinary.com/duewzp6b0/image/upload/v1767868645/products/variants/eyrm772kkffknqeqijsm.jpg		100	24
24	Blue	https://res.cloudinary.com/duewzp6b0/image/upload/v1767868867/products/variants/zlcwrkfg6ayo9k7zacid.jpg		200	28
64	Silver	https://res.cloudinary.com/duewzp6b0/image/upload/v1767870332/products/variants/i8cdov7j92cxiuumzf2z.jpg		10	60
25	Pink	https://res.cloudinary.com/duewzp6b0/image/upload/v1767868868/products/variants/gajqifl0qsrz0pxkxzba.jpg		300	28
65	Pink	https://res.cloudinary.com/duewzp6b0/image/upload/v1767870439/products/variants/dtg8nwkvlkc742cmatfs.jpg		23	61
26	Blue	https://res.cloudinary.com/duewzp6b0/image/upload/v1767868915/products/variants/e7em2ji3crwam0yiqi9t.jpg		390	29
27	Pink	https://res.cloudinary.com/duewzp6b0/image/upload/v1767868915/products/variants/uvzos5zjtgcvgteapaum.jpg		380	29
34	Black	https://res.cloudinary.com/duewzp6b0/image/upload/v1767869037/products/variants/xq1vfq85cqgkud1lvbh1.jpg		122	31
66	Blue	https://res.cloudinary.com/duewzp6b0/image/upload/v1767870441/products/variants/ndxgldxztowp3zlbepqz.jpg		23	61
67	Purple	https://res.cloudinary.com/duewzp6b0/image/upload/v1767870442/products/variants/qzqctfhwhj25lhvevy2z.jpg		23	61
68	Purple	https://res.cloudinary.com/duewzp6b0/image/upload/v1767870503/products/variants/obdenz3tnxljwi8xewkg.jpg		32	62
69	Black	https://res.cloudinary.com/duewzp6b0/image/upload/v1767870697/products/variants/ds6p3cqnck24tixsh1gj.jpg		23	63
70	Silver	https://res.cloudinary.com/duewzp6b0/image/upload/v1767870698/products/variants/mej3lzzdwfjs70vuxprj.jpg		20	63
71	Black	https://res.cloudinary.com/duewzp6b0/image/upload/v1767870842/products/variants/tqh3obwok3wrthncjvw3.jpg		23	64
72	Silver	https://res.cloudinary.com/duewzp6b0/image/upload/v1767870844/products/variants/hhofxr4a6s4jjynxfe7x.jpg		23	64
73	Colourful	https://res.cloudinary.com/duewzp6b0/image/upload/v1767870845/products/variants/n7o8ppiy2ghf0hcatuer.jpg		0	64
74	Pink	https://res.cloudinary.com/duewzp6b0/image/upload/v1767870930/products/variants/uj4vegnxllvv0hkyenvw.jpg		243	65
75	Blue	https://res.cloudinary.com/duewzp6b0/image/upload/v1767870931/products/variants/g0ik8e9jtfzudjhrtiwq.jpg		24	65
76	Blue	https://res.cloudinary.com/duewzp6b0/image/upload/v1767871092/products/variants/qisdorggbjij851velk6.jpg		234	66
77	Pink	https://res.cloudinary.com/duewzp6b0/image/upload/v1767871092/products/variants/qawkzzx3ouf6wgimbf81.jpg		423	66
78	Blue	https://res.cloudinary.com/duewzp6b0/image/upload/v1767871240/products/variants/vyfjzyfzubgftj5gnmmc.jpg		24	67
79	Pink	https://res.cloudinary.com/duewzp6b0/image/upload/v1767871241/products/variants/pyfsiqa5805a3lhhjc8l.jpg		243	67
\.


--
-- Data for Name: system_companyaboutimage; Type: TABLE DATA; Schema: public; Owner: -
--

COPY public.system_companyaboutimage (id, image, sort, company_id) FROM stdin;
\.


--
-- Data for Name: system_companyprofile; Type: TABLE DATA; Schema: public; Owner: -
--

COPY public.system_companyprofile (id, company_name, address, contact_person, mobile, email, updated_at, about_html) FROM stdin;
1	Yangjiang YAL Industrial & Trading Co.,Ltd.	No.3 Three street Tangnan Mayan Zhongzhou Industrial Area,Jiangcheng District, Yangjiang, Guangdong, China.	Bob Lee	+86-13554706223	xgshing@qq.com	2026-01-15 02:31:12.506519+00	<p><strong>Yangjiang YAL Industrial &amp; Trading Co.,Ltd.</strong>&nbsp;is a manufacturer of cuticle nipper with well-equipped testing facilities and strong technical force. Our team has more than 10 years in production &amp; export experiences.&nbsp;Good quality, reasonable prices and stylish designs. Be our clients, we will give you best products &amp; services.&nbsp;</p><p><br></p><p>Our well-equipped facilities and excellent quality control throughout all stages of production enable us to guarantee total customer satisfaction. As a result of our high quality products and outstanding customers service, we have gained a global sales network reaching the whole world.</p><p><br></p><p><br></p>
\.


--
-- Data for Name: system_richtextimage; Type: TABLE DATA; Schema: public; Owner: -
--

COPY public.system_richtextimage (id, image, created_at) FROM stdin;
1	richtext/619b5257-ee32-46a5-a395-85a8f1e2550b.jfif	2026-01-01 10:31:00.083+00
2	richtext/619b5257-ee32-46a5-a395-85a8f1e2550b_26qjZ6y.jfif	2026-01-01 11:47:07.982+00
3	richtext/8667c680-8e13-407e-a86f-7a0fce35b00b.jfif	2026-01-01 11:50:39.615+00
4	richtext/619b5257-ee32-46a5-a395-85a8f1e2550b_JOvdwpZ.jfif	2026-01-01 11:50:51.802+00
5	richtext/91f0944a-c834-4375-9261-21c07781ea96_SXlfMx8.jfif	2026-01-01 12:17:44.116+00
6	richtext/619b5257-ee32-46a5-a395-85a8f1e2550b_gc4hfS1.jfif	2026-01-01 13:01:48.84+00
7	richtext/619b5257-ee32-46a5-a395-85a8f1e2550b_Ce919XG.jfif	2026-01-01 13:02:58.807+00
8	richtext/c7b35b9b-0134-4a3f-b0c8-c4505b12f6fb_XDIvIoR.jfif	2026-01-01 13:06:56.495+00
9	richtext/ddead6ab-89e2-4cc4-90ee-95145809239a.jfif	2026-01-01 13:26:05.353+00
10	richtext/8667c680-8e13-407e-a86f-7a0fce35b00b_XSmgyjy.jfif	2026-01-01 13:28:31.752+00
11	richtext/619b5257-ee32-46a5-a395-85a8f1e2550b_eJxXIIT.jfif	2026-01-01 13:29:02.655+00
12	richtext/8667c680-8e13-407e-a86f-7a0fce35b00b_b8uY5hz.jfif	2026-01-01 13:29:20.111+00
13	richtext/8667c680-8e13-407e-a86f-7a0fce35b00b_XSzkH16.jfif	2026-01-01 13:29:38.205+00
14	richtext/619b5257-ee32-46a5-a395-85a8f1e2550b_UKN2XR3.jfif	2026-01-01 13:30:09.721+00
\.


--
-- Name: auth_group_id_seq; Type: SEQUENCE SET; Schema: public; Owner: -
--

SELECT pg_catalog.setval('public.auth_group_id_seq', 1, false);


--
-- Name: auth_group_permissions_id_seq; Type: SEQUENCE SET; Schema: public; Owner: -
--

SELECT pg_catalog.setval('public.auth_group_permissions_id_seq', 1, false);


--
-- Name: auth_permission_id_seq; Type: SEQUENCE SET; Schema: public; Owner: -
--

SELECT pg_catalog.setval('public.auth_permission_id_seq', 76, true);


--
-- Name: auth_user_groups_id_seq; Type: SEQUENCE SET; Schema: public; Owner: -
--

SELECT pg_catalog.setval('public.auth_user_groups_id_seq', 1, false);


--
-- Name: auth_user_id_seq; Type: SEQUENCE SET; Schema: public; Owner: -
--

SELECT pg_catalog.setval('public.auth_user_id_seq', 1, true);


--
-- Name: auth_user_user_permissions_id_seq; Type: SEQUENCE SET; Schema: public; Owner: -
--

SELECT pg_catalog.setval('public.auth_user_user_permissions_id_seq', 1, false);


--
-- Name: content_homebanner_id_seq; Type: SEQUENCE SET; Schema: public; Owner: -
--

SELECT pg_catalog.setval('public.content_homebanner_id_seq', 7, true);


--
-- Name: content_homebannerimage_id_seq; Type: SEQUENCE SET; Schema: public; Owner: -
--

SELECT pg_catalog.setval('public.content_homebannerimage_id_seq', 30, true);


--
-- Name: content_homefeature_id_seq; Type: SEQUENCE SET; Schema: public; Owner: -
--

SELECT pg_catalog.setval('public.content_homefeature_id_seq', 7, true);


--
-- Name: content_homefeatureimage_id_seq; Type: SEQUENCE SET; Schema: public; Owner: -
--

SELECT pg_catalog.setval('public.content_homefeatureimage_id_seq', 16, true);


--
-- Name: content_homestory_id_seq; Type: SEQUENCE SET; Schema: public; Owner: -
--

SELECT pg_catalog.setval('public.content_homestory_id_seq', 5, true);


--
-- Name: content_homestoryimage_id_seq; Type: SEQUENCE SET; Schema: public; Owner: -
--

SELECT pg_catalog.setval('public.content_homestoryimage_id_seq', 1, false);


--
-- Name: django_admin_log_id_seq; Type: SEQUENCE SET; Schema: public; Owner: -
--

SELECT pg_catalog.setval('public.django_admin_log_id_seq', 1, false);


--
-- Name: django_content_type_id_seq; Type: SEQUENCE SET; Schema: public; Owner: -
--

SELECT pg_catalog.setval('public.django_content_type_id_seq', 19, true);


--
-- Name: django_migrations_id_seq; Type: SEQUENCE SET; Schema: public; Owner: -
--

SELECT pg_catalog.setval('public.django_migrations_id_seq', 35, true);


--
-- Name: products_product_id_seq; Type: SEQUENCE SET; Schema: public; Owner: -
--

SELECT pg_catalog.setval('public.products_product_id_seq', 67, true);


--
-- Name: products_productcategory_id_seq; Type: SEQUENCE SET; Schema: public; Owner: -
--

SELECT pg_catalog.setval('public.products_productcategory_id_seq', 9, true);


--
-- Name: products_productimage_id_seq; Type: SEQUENCE SET; Schema: public; Owner: -
--

SELECT pg_catalog.setval('public.products_productimage_id_seq', 171, true);


--
-- Name: products_productvariant_id_seq; Type: SEQUENCE SET; Schema: public; Owner: -
--

SELECT pg_catalog.setval('public.products_productvariant_id_seq', 79, true);


--
-- Name: system_companyaboutimage_id_seq; Type: SEQUENCE SET; Schema: public; Owner: -
--

SELECT pg_catalog.setval('public.system_companyaboutimage_id_seq', 1, false);


--
-- Name: system_companyprofile_id_seq; Type: SEQUENCE SET; Schema: public; Owner: -
--

SELECT pg_catalog.setval('public.system_companyprofile_id_seq', 1, true);


--
-- Name: system_richtextimage_id_seq; Type: SEQUENCE SET; Schema: public; Owner: -
--

SELECT pg_catalog.setval('public.system_richtextimage_id_seq', 14, true);


--
-- Name: auth_group auth_group_name_key; Type: CONSTRAINT; Schema: public; Owner: -
--

ALTER TABLE ONLY public.auth_group
    ADD CONSTRAINT auth_group_name_key UNIQUE (name);


--
-- Name: auth_group_permissions auth_group_permissions_group_id_permission_id_0cd325b0_uniq; Type: CONSTRAINT; Schema: public; Owner: -
--

ALTER TABLE ONLY public.auth_group_permissions
    ADD CONSTRAINT auth_group_permissions_group_id_permission_id_0cd325b0_uniq UNIQUE (group_id, permission_id);


--
-- Name: auth_group_permissions auth_group_permissions_pkey; Type: CONSTRAINT; Schema: public; Owner: -
--

ALTER TABLE ONLY public.auth_group_permissions
    ADD CONSTRAINT auth_group_permissions_pkey PRIMARY KEY (id);


--
-- Name: auth_group auth_group_pkey; Type: CONSTRAINT; Schema: public; Owner: -
--

ALTER TABLE ONLY public.auth_group
    ADD CONSTRAINT auth_group_pkey PRIMARY KEY (id);


--
-- Name: auth_permission auth_permission_content_type_id_codename_01ab375a_uniq; Type: CONSTRAINT; Schema: public; Owner: -
--

ALTER TABLE ONLY public.auth_permission
    ADD CONSTRAINT auth_permission_content_type_id_codename_01ab375a_uniq UNIQUE (content_type_id, codename);


--
-- Name: auth_permission auth_permission_pkey; Type: CONSTRAINT; Schema: public; Owner: -
--

ALTER TABLE ONLY public.auth_permission
    ADD CONSTRAINT auth_permission_pkey PRIMARY KEY (id);


--
-- Name: auth_user_groups auth_user_groups_pkey; Type: CONSTRAINT; Schema: public; Owner: -
--

ALTER TABLE ONLY public.auth_user_groups
    ADD CONSTRAINT auth_user_groups_pkey PRIMARY KEY (id);


--
-- Name: auth_user_groups auth_user_groups_user_id_group_id_94350c0c_uniq; Type: CONSTRAINT; Schema: public; Owner: -
--

ALTER TABLE ONLY public.auth_user_groups
    ADD CONSTRAINT auth_user_groups_user_id_group_id_94350c0c_uniq UNIQUE (user_id, group_id);


--
-- Name: auth_user auth_user_pkey; Type: CONSTRAINT; Schema: public; Owner: -
--

ALTER TABLE ONLY public.auth_user
    ADD CONSTRAINT auth_user_pkey PRIMARY KEY (id);


--
-- Name: auth_user_user_permissions auth_user_user_permissions_pkey; Type: CONSTRAINT; Schema: public; Owner: -
--

ALTER TABLE ONLY public.auth_user_user_permissions
    ADD CONSTRAINT auth_user_user_permissions_pkey PRIMARY KEY (id);


--
-- Name: auth_user_user_permissions auth_user_user_permissions_user_id_permission_id_14a6b632_uniq; Type: CONSTRAINT; Schema: public; Owner: -
--

ALTER TABLE ONLY public.auth_user_user_permissions
    ADD CONSTRAINT auth_user_user_permissions_user_id_permission_id_14a6b632_uniq UNIQUE (user_id, permission_id);


--
-- Name: auth_user auth_user_username_key; Type: CONSTRAINT; Schema: public; Owner: -
--

ALTER TABLE ONLY public.auth_user
    ADD CONSTRAINT auth_user_username_key UNIQUE (username);


--
-- Name: content_homebanner content_homebanner_pkey; Type: CONSTRAINT; Schema: public; Owner: -
--

ALTER TABLE ONLY public.content_homebanner
    ADD CONSTRAINT content_homebanner_pkey PRIMARY KEY (id);


--
-- Name: content_homebannerimage content_homebannerimage_pkey; Type: CONSTRAINT; Schema: public; Owner: -
--

ALTER TABLE ONLY public.content_homebannerimage
    ADD CONSTRAINT content_homebannerimage_pkey PRIMARY KEY (id);


--
-- Name: content_homefeature content_homefeature_pkey; Type: CONSTRAINT; Schema: public; Owner: -
--

ALTER TABLE ONLY public.content_homefeature
    ADD CONSTRAINT content_homefeature_pkey PRIMARY KEY (id);


--
-- Name: content_homefeatureimage content_homefeatureimage_pkey; Type: CONSTRAINT; Schema: public; Owner: -
--

ALTER TABLE ONLY public.content_homefeatureimage
    ADD CONSTRAINT content_homefeatureimage_pkey PRIMARY KEY (id);


--
-- Name: content_homestory content_homestory_pkey; Type: CONSTRAINT; Schema: public; Owner: -
--

ALTER TABLE ONLY public.content_homestory
    ADD CONSTRAINT content_homestory_pkey PRIMARY KEY (id);


--
-- Name: content_homestoryimage content_homestoryimage_pkey; Type: CONSTRAINT; Schema: public; Owner: -
--

ALTER TABLE ONLY public.content_homestoryimage
    ADD CONSTRAINT content_homestoryimage_pkey PRIMARY KEY (id);


--
-- Name: django_admin_log django_admin_log_pkey; Type: CONSTRAINT; Schema: public; Owner: -
--

ALTER TABLE ONLY public.django_admin_log
    ADD CONSTRAINT django_admin_log_pkey PRIMARY KEY (id);


--
-- Name: django_content_type django_content_type_app_label_model_76bd3d3b_uniq; Type: CONSTRAINT; Schema: public; Owner: -
--

ALTER TABLE ONLY public.django_content_type
    ADD CONSTRAINT django_content_type_app_label_model_76bd3d3b_uniq UNIQUE (app_label, model);


--
-- Name: django_content_type django_content_type_pkey; Type: CONSTRAINT; Schema: public; Owner: -
--

ALTER TABLE ONLY public.django_content_type
    ADD CONSTRAINT django_content_type_pkey PRIMARY KEY (id);


--
-- Name: django_migrations django_migrations_pkey; Type: CONSTRAINT; Schema: public; Owner: -
--

ALTER TABLE ONLY public.django_migrations
    ADD CONSTRAINT django_migrations_pkey PRIMARY KEY (id);


--
-- Name: django_session django_session_pkey; Type: CONSTRAINT; Schema: public; Owner: -
--

ALTER TABLE ONLY public.django_session
    ADD CONSTRAINT django_session_pkey PRIMARY KEY (session_key);


--
-- Name: products_product products_product_pkey; Type: CONSTRAINT; Schema: public; Owner: -
--

ALTER TABLE ONLY public.products_product
    ADD CONSTRAINT products_product_pkey PRIMARY KEY (id);


--
-- Name: products_productcategory products_productcategory_name_key; Type: CONSTRAINT; Schema: public; Owner: -
--

ALTER TABLE ONLY public.products_productcategory
    ADD CONSTRAINT products_productcategory_name_key UNIQUE (name);


--
-- Name: products_productcategory products_productcategory_pkey; Type: CONSTRAINT; Schema: public; Owner: -
--

ALTER TABLE ONLY public.products_productcategory
    ADD CONSTRAINT products_productcategory_pkey PRIMARY KEY (id);


--
-- Name: products_productimage products_productimage_pkey; Type: CONSTRAINT; Schema: public; Owner: -
--

ALTER TABLE ONLY public.products_productimage
    ADD CONSTRAINT products_productimage_pkey PRIMARY KEY (id);


--
-- Name: products_productvariant products_productvariant_pkey; Type: CONSTRAINT; Schema: public; Owner: -
--

ALTER TABLE ONLY public.products_productvariant
    ADD CONSTRAINT products_productvariant_pkey PRIMARY KEY (id);


--
-- Name: system_companyaboutimage system_companyaboutimage_pkey; Type: CONSTRAINT; Schema: public; Owner: -
--

ALTER TABLE ONLY public.system_companyaboutimage
    ADD CONSTRAINT system_companyaboutimage_pkey PRIMARY KEY (id);


--
-- Name: system_companyprofile system_companyprofile_pkey; Type: CONSTRAINT; Schema: public; Owner: -
--

ALTER TABLE ONLY public.system_companyprofile
    ADD CONSTRAINT system_companyprofile_pkey PRIMARY KEY (id);


--
-- Name: system_richtextimage system_richtextimage_pkey; Type: CONSTRAINT; Schema: public; Owner: -
--

ALTER TABLE ONLY public.system_richtextimage
    ADD CONSTRAINT system_richtextimage_pkey PRIMARY KEY (id);


--
-- Name: auth_group_name_a6ea08ec_like; Type: INDEX; Schema: public; Owner: -
--

CREATE INDEX auth_group_name_a6ea08ec_like ON public.auth_group USING btree (name varchar_pattern_ops);


--
-- Name: auth_group_permissions_group_id_b120cbf9; Type: INDEX; Schema: public; Owner: -
--

CREATE INDEX auth_group_permissions_group_id_b120cbf9 ON public.auth_group_permissions USING btree (group_id);


--
-- Name: auth_group_permissions_permission_id_84c5c92e; Type: INDEX; Schema: public; Owner: -
--

CREATE INDEX auth_group_permissions_permission_id_84c5c92e ON public.auth_group_permissions USING btree (permission_id);


--
-- Name: auth_permission_content_type_id_2f476e4b; Type: INDEX; Schema: public; Owner: -
--

CREATE INDEX auth_permission_content_type_id_2f476e4b ON public.auth_permission USING btree (content_type_id);


--
-- Name: auth_user_groups_group_id_97559544; Type: INDEX; Schema: public; Owner: -
--

CREATE INDEX auth_user_groups_group_id_97559544 ON public.auth_user_groups USING btree (group_id);


--
-- Name: auth_user_groups_user_id_6a12ed8b; Type: INDEX; Schema: public; Owner: -
--

CREATE INDEX auth_user_groups_user_id_6a12ed8b ON public.auth_user_groups USING btree (user_id);


--
-- Name: auth_user_user_permissions_permission_id_1fbb5f2c; Type: INDEX; Schema: public; Owner: -
--

CREATE INDEX auth_user_user_permissions_permission_id_1fbb5f2c ON public.auth_user_user_permissions USING btree (permission_id);


--
-- Name: auth_user_user_permissions_user_id_a95ead1b; Type: INDEX; Schema: public; Owner: -
--

CREATE INDEX auth_user_user_permissions_user_id_a95ead1b ON public.auth_user_user_permissions USING btree (user_id);


--
-- Name: auth_user_username_6821ab7c_like; Type: INDEX; Schema: public; Owner: -
--

CREATE INDEX auth_user_username_6821ab7c_like ON public.auth_user USING btree (username varchar_pattern_ops);


--
-- Name: content_homebannerimage_banner_id_a41d9b71; Type: INDEX; Schema: public; Owner: -
--

CREATE INDEX content_homebannerimage_banner_id_a41d9b71 ON public.content_homebannerimage USING btree (banner_id);


--
-- Name: content_homefeatureimage_banner_id_a173782d; Type: INDEX; Schema: public; Owner: -
--

CREATE INDEX content_homefeatureimage_banner_id_a173782d ON public.content_homefeatureimage USING btree (feature_id);


--
-- Name: content_homestoryimage_story_id_9fb1dd2d; Type: INDEX; Schema: public; Owner: -
--

CREATE INDEX content_homestoryimage_story_id_9fb1dd2d ON public.content_homestoryimage USING btree (story_id);


--
-- Name: django_admin_log_content_type_id_c4bce8eb; Type: INDEX; Schema: public; Owner: -
--

CREATE INDEX django_admin_log_content_type_id_c4bce8eb ON public.django_admin_log USING btree (content_type_id);


--
-- Name: django_admin_log_user_id_c564eba6; Type: INDEX; Schema: public; Owner: -
--

CREATE INDEX django_admin_log_user_id_c564eba6 ON public.django_admin_log USING btree (user_id);


--
-- Name: django_session_expire_date_a5c62663; Type: INDEX; Schema: public; Owner: -
--

CREATE INDEX django_session_expire_date_a5c62663 ON public.django_session USING btree (expire_date);


--
-- Name: django_session_session_key_c0390e0f_like; Type: INDEX; Schema: public; Owner: -
--

CREATE INDEX django_session_session_key_c0390e0f_like ON public.django_session USING btree (session_key varchar_pattern_ops);


--
-- Name: products_product_category_id_9b594869; Type: INDEX; Schema: public; Owner: -
--

CREATE INDEX products_product_category_id_9b594869 ON public.products_product USING btree (category_id);


--
-- Name: products_productcategory_name_dad35cfe_like; Type: INDEX; Schema: public; Owner: -
--

CREATE INDEX products_productcategory_name_dad35cfe_like ON public.products_productcategory USING btree (name varchar_pattern_ops);


--
-- Name: products_productcategory_parent_id_37f1f851; Type: INDEX; Schema: public; Owner: -
--

CREATE INDEX products_productcategory_parent_id_37f1f851 ON public.products_productcategory USING btree (parent_id);


--
-- Name: products_productimage_product_id_e747596a; Type: INDEX; Schema: public; Owner: -
--

CREATE INDEX products_productimage_product_id_e747596a ON public.products_productimage USING btree (product_id);


--
-- Name: products_productvariant_product_id_d9c22902; Type: INDEX; Schema: public; Owner: -
--

CREATE INDEX products_productvariant_product_id_d9c22902 ON public.products_productvariant USING btree (product_id);


--
-- Name: system_companyaboutimage_company_id_227568c7; Type: INDEX; Schema: public; Owner: -
--

CREATE INDEX system_companyaboutimage_company_id_227568c7 ON public.system_companyaboutimage USING btree (company_id);


--
-- Name: auth_group_permissions auth_group_permissio_permission_id_84c5c92e_fk_auth_perm; Type: FK CONSTRAINT; Schema: public; Owner: -
--

ALTER TABLE ONLY public.auth_group_permissions
    ADD CONSTRAINT auth_group_permissio_permission_id_84c5c92e_fk_auth_perm FOREIGN KEY (permission_id) REFERENCES public.auth_permission(id) DEFERRABLE INITIALLY DEFERRED;


--
-- Name: auth_group_permissions auth_group_permissions_group_id_b120cbf9_fk_auth_group_id; Type: FK CONSTRAINT; Schema: public; Owner: -
--

ALTER TABLE ONLY public.auth_group_permissions
    ADD CONSTRAINT auth_group_permissions_group_id_b120cbf9_fk_auth_group_id FOREIGN KEY (group_id) REFERENCES public.auth_group(id) DEFERRABLE INITIALLY DEFERRED;


--
-- Name: auth_permission auth_permission_content_type_id_2f476e4b_fk_django_co; Type: FK CONSTRAINT; Schema: public; Owner: -
--

ALTER TABLE ONLY public.auth_permission
    ADD CONSTRAINT auth_permission_content_type_id_2f476e4b_fk_django_co FOREIGN KEY (content_type_id) REFERENCES public.django_content_type(id) DEFERRABLE INITIALLY DEFERRED;


--
-- Name: auth_user_groups auth_user_groups_group_id_97559544_fk_auth_group_id; Type: FK CONSTRAINT; Schema: public; Owner: -
--

ALTER TABLE ONLY public.auth_user_groups
    ADD CONSTRAINT auth_user_groups_group_id_97559544_fk_auth_group_id FOREIGN KEY (group_id) REFERENCES public.auth_group(id) DEFERRABLE INITIALLY DEFERRED;


--
-- Name: auth_user_groups auth_user_groups_user_id_6a12ed8b_fk_auth_user_id; Type: FK CONSTRAINT; Schema: public; Owner: -
--

ALTER TABLE ONLY public.auth_user_groups
    ADD CONSTRAINT auth_user_groups_user_id_6a12ed8b_fk_auth_user_id FOREIGN KEY (user_id) REFERENCES public.auth_user(id) DEFERRABLE INITIALLY DEFERRED;


--
-- Name: auth_user_user_permissions auth_user_user_permi_permission_id_1fbb5f2c_fk_auth_perm; Type: FK CONSTRAINT; Schema: public; Owner: -
--

ALTER TABLE ONLY public.auth_user_user_permissions
    ADD CONSTRAINT auth_user_user_permi_permission_id_1fbb5f2c_fk_auth_perm FOREIGN KEY (permission_id) REFERENCES public.auth_permission(id) DEFERRABLE INITIALLY DEFERRED;


--
-- Name: auth_user_user_permissions auth_user_user_permissions_user_id_a95ead1b_fk_auth_user_id; Type: FK CONSTRAINT; Schema: public; Owner: -
--

ALTER TABLE ONLY public.auth_user_user_permissions
    ADD CONSTRAINT auth_user_user_permissions_user_id_a95ead1b_fk_auth_user_id FOREIGN KEY (user_id) REFERENCES public.auth_user(id) DEFERRABLE INITIALLY DEFERRED;


--
-- Name: content_homebannerimage content_homebannerim_banner_id_a41d9b71_fk_content_h; Type: FK CONSTRAINT; Schema: public; Owner: -
--

ALTER TABLE ONLY public.content_homebannerimage
    ADD CONSTRAINT content_homebannerim_banner_id_a41d9b71_fk_content_h FOREIGN KEY (banner_id) REFERENCES public.content_homebanner(id) DEFERRABLE INITIALLY DEFERRED;


--
-- Name: content_homefeatureimage content_homefeaturei_feature_id_a74f100d_fk_content_h; Type: FK CONSTRAINT; Schema: public; Owner: -
--

ALTER TABLE ONLY public.content_homefeatureimage
    ADD CONSTRAINT content_homefeaturei_feature_id_a74f100d_fk_content_h FOREIGN KEY (feature_id) REFERENCES public.content_homefeature(id) DEFERRABLE INITIALLY DEFERRED;


--
-- Name: content_homestoryimage content_homestoryima_story_id_9fb1dd2d_fk_content_h; Type: FK CONSTRAINT; Schema: public; Owner: -
--

ALTER TABLE ONLY public.content_homestoryimage
    ADD CONSTRAINT content_homestoryima_story_id_9fb1dd2d_fk_content_h FOREIGN KEY (story_id) REFERENCES public.content_homestory(id) DEFERRABLE INITIALLY DEFERRED;


--
-- Name: django_admin_log django_admin_log_content_type_id_c4bce8eb_fk_django_co; Type: FK CONSTRAINT; Schema: public; Owner: -
--

ALTER TABLE ONLY public.django_admin_log
    ADD CONSTRAINT django_admin_log_content_type_id_c4bce8eb_fk_django_co FOREIGN KEY (content_type_id) REFERENCES public.django_content_type(id) DEFERRABLE INITIALLY DEFERRED;


--
-- Name: django_admin_log django_admin_log_user_id_c564eba6_fk_auth_user_id; Type: FK CONSTRAINT; Schema: public; Owner: -
--

ALTER TABLE ONLY public.django_admin_log
    ADD CONSTRAINT django_admin_log_user_id_c564eba6_fk_auth_user_id FOREIGN KEY (user_id) REFERENCES public.auth_user(id) DEFERRABLE INITIALLY DEFERRED;


--
-- Name: products_product products_product_category_id_9b594869_fk_products_; Type: FK CONSTRAINT; Schema: public; Owner: -
--

ALTER TABLE ONLY public.products_product
    ADD CONSTRAINT products_product_category_id_9b594869_fk_products_ FOREIGN KEY (category_id) REFERENCES public.products_productcategory(id) DEFERRABLE INITIALLY DEFERRED;


--
-- Name: products_productcategory products_productcate_parent_id_37f1f851_fk_products_; Type: FK CONSTRAINT; Schema: public; Owner: -
--

ALTER TABLE ONLY public.products_productcategory
    ADD CONSTRAINT products_productcate_parent_id_37f1f851_fk_products_ FOREIGN KEY (parent_id) REFERENCES public.products_productcategory(id) DEFERRABLE INITIALLY DEFERRED;


--
-- Name: products_productimage products_productimag_product_id_e747596a_fk_products_; Type: FK CONSTRAINT; Schema: public; Owner: -
--

ALTER TABLE ONLY public.products_productimage
    ADD CONSTRAINT products_productimag_product_id_e747596a_fk_products_ FOREIGN KEY (product_id) REFERENCES public.products_product(id) DEFERRABLE INITIALLY DEFERRED;


--
-- Name: products_productvariant products_productvari_product_id_d9c22902_fk_products_; Type: FK CONSTRAINT; Schema: public; Owner: -
--

ALTER TABLE ONLY public.products_productvariant
    ADD CONSTRAINT products_productvari_product_id_d9c22902_fk_products_ FOREIGN KEY (product_id) REFERENCES public.products_product(id) DEFERRABLE INITIALLY DEFERRED;


--
-- Name: system_companyaboutimage system_companyabouti_company_id_227568c7_fk_system_co; Type: FK CONSTRAINT; Schema: public; Owner: -
--

ALTER TABLE ONLY public.system_companyaboutimage
    ADD CONSTRAINT system_companyabouti_company_id_227568c7_fk_system_co FOREIGN KEY (company_id) REFERENCES public.system_companyprofile(id) DEFERRABLE INITIALLY DEFERRED;


--
-- PostgreSQL database dump complete
--

\unrestrict kOgVqnYTVjMugR6aIvgyFOj0nqeDb9vG1gythYNEs0hlf2ltEzqZgiRa8ynapdb

